{
  "Xl": -3.230027955891733,
  "Yl": -1.3745910221740394,
  "phil": -10.0,
  "vxl": 0.05,
  "vyl": -3.0,
  "rl": -5.0,
  "sl": 0.0,
  "Dl": -1.0,
  "deltal": -0.46,
  "vsl": 0.0,
  "Xu": 11.712546499175827,
  "Yu": 5.674335159056754,
  "phiu": 10.0,
  "vxu": 10.0,
  "vyu": 3.0,
  "ru": 5.0,
  "su": 33.24604169890561,
  "Du": 1.0,
  "deltau": 0.46,
  "vsu": 10.0,
  "dDl": -10.0,
  "dDeltal": -5.0,
  "dVsl": -100.0,
  "dDu": 10.0,
  "dDeltau": 5.0,
  "dVsu": 100.0
}
