
{
  "Cm1" : 17.497265,
  "Cm2" : 0.0116964,
  "Cr0" : 1.0933595,
  "Cr2" : 0.12777992,

  "Br"  : 0.49504703,
  "Cr"  : 19.900793,
  "Dr"  : 0.41351774,
  "Er"  : 2.228406,

  "Bf"  : 6.4153476,
  "Cf"  : 1.4418731,
  "Df"  : 0.26586547,
  "Ef"  : 1.0752149,

  "m" 	: 4.282,
  "Iz" 	: 0.18195,
  "lf" 	: 0.15933,
  "lr" 	: 0.16067,

  "car_l": 0.32,
  "car_w": 0.24,

  "g"   : 9.81,

  "R_in" : 0.75,
  "R_out" : 0.75,
  "safety_margin" : 0.0,

  "max_dist_proj": 0.8,

  "E_long" : 0.9,
  "E_eps" : 10.0,

  "maxAlpha" : 0.8,

  "initial_velocity" : 2.0,
  "s_trust_region" : 0.8,

  "vx_zero": 0.5
}