
{
  "Cm1" : 13.878355,
  "Cm2" : 1.9601035,
  "Cr0" : 0.06366931,
  "Cr2" : 0.00102855,

  "Br"  : 6.0320754,
  "Cr"  : 2.3905269,
  "Dr"  : 1.2577834,
  "Er"  : 1.0996134,

  "Bf"  : 5.090088,
  "Cf"  : 1.621745,
  "Df"  : 1.0243361,
  "Ef"  : 1.0038499,

  "m" 	: 4.282,
  "Iz" 	: 0.18195,
  "lf" 	: 0.15933,
  "lr" 	: 0.16067,

  "car_l": 0.32,
  "car_w": 0.24,

  "g"   : 9.81,

  "R_in" : 0.35,
  "R_out" : 0.35,
  "safety_margin" : 0.0,

  "max_dist_proj": 0.8,

  "E_long" : 0.9,
  "E_eps" : 10.0,

  "maxAlpha" : 0.8,

  "initial_velocity" : 2.0,
  "s_trust_region" : 0.8,

  "vx_zero": 0.5
}