{
  "X": 11.712546499175827,
  "Y": 5.674335159056754,
  "phi": 1.0,
  "vx": 10.0,
  "vy": 3.0,
  "r": 5.0,
  "s": 33.24604169890561,
  "D": 1.0,
  "delta": 0.46,
  "vs": 10.0,
  "dD": 10.0,
  "dDelta": 5.0,
  "dVs": 100.0
}